{"Model":"CORE register classifier","Slovenian (macro-F1)":0.6794578615,"Slovenian (micro-F1)":0.6842105263,"Croatian (macro-F1)":0.6160194308,"Croatian (micro-F1)":0.6322580645,"Macedonian (macro-F1)":0.6371461324,"Macedonian (micro-F1)":0.6754966887,"English (macro-F1)":0.5925707863,"English (micro-F1)":0.6129032258}
{"Model":"Dummy (Most Frequent)","Slovenian (macro-F1)":0.0277777778,"Slovenian (micro-F1)":0.125,"Croatian (macro-F1)":0.0252808989,"Croatian (micro-F1)":0.1125,"Macedonian (macro-F1)":0.0326086957,"Macedonian (micro-F1)":0.15,"English (macro-F1)":0.0378289474,"English (micro-F1)":0.1782945736}
{"Model":"Dummy (Stratified)","Slovenian (macro-F1)":0.1282066213,"Slovenian (micro-F1)":0.1428571429,"Croatian (macro-F1)":0.0547619048,"Croatian (micro-F1)":0.0641025641,"Macedonian (macro-F1)":0.0649483618,"Macedonian (micro-F1)":0.0649350649,"English (macro-F1)":0.1017403247,"English (micro-F1)":0.1663366337}
{"Model":"fastText","Slovenian (macro-F1)":0.4218894994,"Slovenian (micro-F1)":0.4358974359,"Croatian (macro-F1)":0.1686909582,"Croatian (micro-F1)":0.2658227848,"Macedonian (macro-F1)":0.0937621202,"Macedonian (micro-F1)":0.15,"English (macro-F1)":0.4587497966,"English (micro-F1)":0.4743083004}
{"Model":"NLI zero-shot model","Slovenian (macro-F1)":0.1311769113,"Slovenian (micro-F1)":0.1571428571,"Croatian (macro-F1)":0.1185606061,"Croatian (micro-F1)":0.1692307692,"Macedonian (macro-F1)":0.1961143695,"Macedonian (micro-F1)":0.2133333333,"English (macro-F1)":0.1597009131,"English (micro-F1)":0.231292517}
{"Model":"Support Vector Machine","Slovenian (macro-F1)":0.4826608187,"Slovenian (micro-F1)":0.4936708861,"Croatian (macro-F1)":0.1965894851,"Croatian (micro-F1)":0.2405063291,"Macedonian (macro-F1)":0.0672348485,"Macedonian (micro-F1)":0.1375,"English (macro-F1)":0.5718479589,"English (micro-F1)":0.511627907}
{"Model":"Naive Bayes Classifier","Slovenian (macro-F1)":0.213523976,"Slovenian (micro-F1)":0.3,"Croatian (macro-F1)":0.1392045455,"Croatian (micro-F1)":0.213836478,"Macedonian (macro-F1)":0.1441458903,"Macedonian (micro-F1)":0.1635220126,"English (macro-F1)":0.3363960034,"English (micro-F1)":0.3798449612}
{"Model":"Logistic Regression","Slovenian (macro-F1)":0.5631925445,"Slovenian (micro-F1)":0.5605095541,"Croatian (macro-F1)":0.116862008,"Croatian (micro-F1)":0.1548387097,"Macedonian (macro-F1)":0.0987822614,"Macedonian (micro-F1)":0.125,"English (macro-F1)":0.5085631171,"English (micro-F1)":0.4941176471}
{"Model":"X-GENRE classifier","Slovenian (macro-F1)":0.9356251592,"Slovenian (micro-F1)":0.9375,"Croatian (macro-F1)":0.8942017635,"Croatian (micro-F1)":0.9,"Macedonian (macro-F1)":0.9111183756,"Macedonian (micro-F1)":0.9125,"English (macro-F1)":0.7519196907,"English (micro-F1)":0.7100591716}
{"Model":"Mistral Medium 3.1","Slovenian (macro-F1)":0.751346917,"Slovenian (micro-F1)":0.775,"Croatian (macro-F1)":0.7091758021,"Croatian (micro-F1)":0.7375,"Macedonian (macro-F1)":0.7406091812,"Macedonian (micro-F1)":0.7625,"English (macro-F1)":0.7244178495,"English (micro-F1)":0.7790697674}
{"Model":"Gemini 2.5 Flash","Slovenian (macro-F1)":0.7184625761,"Slovenian (micro-F1)":0.725,"Croatian (macro-F1)":0.7744275126,"Croatian (micro-F1)":0.7875,"Macedonian (macro-F1)":0.6720828688,"Macedonian (micro-F1)":0.675,"English (macro-F1)":0.7924552606,"English (micro-F1)":0.8100775194}
{"Model":"GPT-5-nano","Slovenian (macro-F1)":0.7169565671,"Slovenian (micro-F1)":0.7125,"Croatian (macro-F1)":0.6787414729,"Croatian (micro-F1)":0.6625,"Macedonian (macro-F1)":0.6990301274,"Macedonian (micro-F1)":0.6875,"English (macro-F1)":0.693840202,"English (micro-F1)":0.7286821705}
{"Model":"GPT-4o","Slovenian (macro-F1)":0.7951393223,"Slovenian (micro-F1)":0.8,"Croatian (macro-F1)":0.7693341019,"Croatian (micro-F1)":0.775,"Macedonian (macro-F1)":0.7836239847,"Macedonian (micro-F1)":0.8,"English (macro-F1)":0.7466280848,"English (micro-F1)":0.7674418605}
{"Model":"GPT-5-mini","Slovenian (macro-F1)":0.7850344304,"Slovenian (micro-F1)":0.7875,"Croatian (macro-F1)":0.7015012046,"Croatian (micro-F1)":0.7125,"Macedonian (macro-F1)":0.6295461771,"Macedonian (micro-F1)":0.6125,"English (macro-F1)":0.8802584512,"English (micro-F1)":0.8333333333}
{"Model":"GPT-3.5-Turbo","Slovenian (macro-F1)":0.5946141902,"Slovenian (micro-F1)":0.5875,"Croatian (macro-F1)":0.591614493,"Croatian (micro-F1)":0.5875,"Macedonian (macro-F1)":0.5089927379,"Macedonian (micro-F1)":0.5095541401,"English (macro-F1)":0.5663004689,"English (micro-F1)":0.6485436893}
{"Model":"GPT-4o-mini","Slovenian (macro-F1)":0.7041569542,"Slovenian (micro-F1)":0.7,"Croatian (macro-F1)":0.6865160655,"Croatian (micro-F1)":0.675,"Macedonian (macro-F1)":0.6732129765,"Macedonian (micro-F1)":0.6625,"English (macro-F1)":0.6954659623,"English (micro-F1)":0.6860465116}
{"Model":"DeekSeek-R1","Slovenian (macro-F1)":0.3547914504,"Slovenian (micro-F1)":0.3966942149,"Croatian (macro-F1)":0.370612151,"Croatian (micro-F1)":0.3966942149,"Macedonian (macro-F1)":0.4176420071,"Macedonian (micro-F1)":0.427480916,"English (macro-F1)":0.4121807182,"English (micro-F1)":0.5069767442}
{"Model":"GaMS-Instruct 27B","Slovenian (macro-F1)":0.4089400183,"Slovenian (micro-F1)":0.4444444444,"Croatian (macro-F1)":0.4554315476,"Croatian (micro-F1)":0.5194805195,"Macedonian (macro-F1)":0.3538875107,"Macedonian (micro-F1)":0.3815789474,"English (macro-F1)":0.3370772301,"English (micro-F1)":0.4158415842}
{"Model":"Llama 3.3","Slovenian (macro-F1)":0.7581485295,"Slovenian (micro-F1)":0.7625,"Croatian (macro-F1)":0.7653672224,"Croatian (micro-F1)":0.775,"Macedonian (macro-F1)":0.7586345436,"Macedonian (micro-F1)":0.7625,"English (macro-F1)":0.7035087719,"English (micro-F1)":0.7674418605}
{"Model":"Gemma 3","Slovenian (macro-F1)":0.6729628357,"Slovenian (micro-F1)":0.6625,"Croatian (macro-F1)":0.7152421141,"Croatian (micro-F1)":0.7375,"Macedonian (macro-F1)":0.6911863309,"Macedonian (micro-F1)":0.7,"English (macro-F1)":0.712072089,"English (micro-F1)":0.7403100775}
{"Model":"Qwen3","Slovenian (macro-F1)":0.6646998213,"Slovenian (micro-F1)":0.6582278481,"Croatian (macro-F1)":0.6453351246,"Croatian (micro-F1)":0.6624203822,"Macedonian (macro-F1)":0.6081278806,"Macedonian (micro-F1)":0.6025641026,"English (macro-F1)":0.6036905877,"English (micro-F1)":0.6614481409}
{"Model":"Gemini 2.5 Pro","Slovenian (macro-F1)":0.7472632626,"Slovenian (micro-F1)":0.7547169811,"Croatian (macro-F1)":0.6976587828,"Croatian (micro-F1)":0.7169811321,"Macedonian (macro-F1)":0.7001271561,"Macedonian (micro-F1)":0.7,"English (macro-F1)":0.7870319905,"English (micro-F1)":0.8139534884}
{"Model":"GPT-5","Slovenian (macro-F1)":0.7852625445,"Slovenian (micro-F1)":0.7875,"Croatian (macro-F1)":0.7223512228,"Croatian (micro-F1)":0.7375,"Macedonian (macro-F1)":0.7166651003,"Macedonian (micro-F1)":0.7125,"English (macro-F1)":0.8353798982,"English (micro-F1)":0.8333333333}
