{"Model":"dummy-stratified","English (macro-F1)":0.3265833492,"English (micro-F1)":0.3461538462,"Croatian (macro-F1)":0.3158926112,"Croatian (micro-F1)":0.3645209581,"Serbian (macro-F1)":0.3267265564,"Serbian (micro-F1)":0.3612662942,"Bosnian (macro-F1)":0.3200313937,"Bosnian (micro-F1)":0.3631578947}
{"Model":"dummy-most_frequent","English (macro-F1)":0.1629371307,"English (micro-F1)":0.3234615385,"Croatian (macro-F1)":0.1969057665,"Croatian (micro-F1)":0.4191616766,"Serbian (macro-F1)":0.2106157113,"Serbian (micro-F1)":0.4618249534,"Bosnian (macro-F1)":0.2158956109,"Bosnian (micro-F1)":0.4789473684}
{"Model":"COMPLEMENTNB","English (macro-F1)":0.2623114547,"English (micro-F1)":0.3276923077,"Croatian (macro-F1)":0.4319037542,"Croatian (micro-F1)":0.4520958084,"Serbian (macro-F1)":0.4415734633,"Serbian (micro-F1)":0.4767225326,"Bosnian (macro-F1)":0.4471652163,"Bosnian (micro-F1)":0.4947368421}
{"Model":"SVC","English (macro-F1)":0.3461498968,"English (micro-F1)":0.3953846154,"Croatian (macro-F1)":0.3450901276,"Croatian (micro-F1)":0.496257485,"Serbian (macro-F1)":0.3697594388,"Serbian (micro-F1)":0.5353817505,"Bosnian (macro-F1)":0.3450187552,"Bosnian (micro-F1)":0.5315789474}
{"Model":"XLM-R-ParlaSent","English (macro-F1)":0.7275634248,"English (micro-F1)":0.7265384615,"Croatian (macro-F1)":0.6981174088,"Croatian (micro-F1)":0.7193113772,"Serbian (macro-F1)":0.7100055038,"Serbian (micro-F1)":0.7318435754,"Bosnian (macro-F1)":0.6966958606,"Bosnian (micro-F1)":0.7210526316}
{"Model":"deepseek-r1:14b","English (macro-F1)":0.6169059794,"English (micro-F1)":0.6173076923,"Croatian (macro-F1)":0.594812532,"Croatian (micro-F1)":0.6130239521,"Serbian (macro-F1)":0.5973492914,"Serbian (micro-F1)":0.6145251397,"Bosnian (macro-F1)":0.5676603766,"Bosnian (micro-F1)":0.5894736842}
{"Model":"llama3.3:latest","English (macro-F1)":0.7486693947,"English (micro-F1)":0.745,"Croatian (macro-F1)":0.7278723723,"Croatian (micro-F1)":0.7425149701,"Serbian (macro-F1)":0.6925137552,"Serbian (micro-F1)":0.7113594041,"Bosnian (macro-F1)":0.673139337,"Bosnian (micro-F1)":0.7105263158}
{"Model":"gemma3:27b","English (macro-F1)":0.7675997828,"English (micro-F1)":0.7661538462,"Croatian (macro-F1)":0.7280316556,"Croatian (micro-F1)":0.7417664671,"Serbian (macro-F1)":0.7068391376,"Serbian (micro-F1)":0.7253258845,"Bosnian (macro-F1)":0.7183838384,"Bosnian (micro-F1)":0.7421052632}
{"Model":"gpt-4o-mini-2024-07-18","English (macro-F1)":0.7331263778,"English (micro-F1)":0.7334615385,"Croatian (macro-F1)":0.6860364564,"Croatian (micro-F1)":0.7185628743,"Serbian (macro-F1)":0.681355209,"Serbian (micro-F1)":0.7057728119,"Bosnian (macro-F1)":0.593244717,"Bosnian (micro-F1)":0.6526315789}
{"Model":"gpt-3.5-turbo-0125","English (macro-F1)":0.6997700528,"English (micro-F1)":0.6976923077,"Croatian (macro-F1)":0.6517928959,"Croatian (micro-F1)":0.6729041916,"Serbian (macro-F1)":0.6641372492,"Serbian (micro-F1)":0.6703910615,"Bosnian (macro-F1)":0.583874944,"Bosnian (micro-F1)":0.6263157895}
{"Model":"gpt-4o-2024-08-06","English (macro-F1)":0.7710796128,"English (micro-F1)":0.7730769231,"Croatian (macro-F1)":0.7565209566,"Croatian (micro-F1)":0.7821856287,"Serbian (macro-F1)":0.7382772548,"Serbian (micro-F1)":0.7644320298,"Bosnian (macro-F1)":0.7009673256,"Bosnian (micro-F1)":0.7473684211}
{"Model":"gpt-5-nano-2025-08-07","English (macro-F1)":0.751873943,"English (micro-F1)":0.7492307692,"Croatian (macro-F1)":0.7101447065,"Croatian (micro-F1)":0.7200598802,"Serbian (macro-F1)":0.7198123446,"Serbian (micro-F1)":0.7271880819,"Bosnian (macro-F1)":0.6844152866,"Bosnian (micro-F1)":0.6947368421}
{"Model":"gpt-5-mini-2025-08-07","English (macro-F1)":0.7731097442,"English (micro-F1)":0.7707692308,"Croatian (macro-F1)":0.751793756,"Croatian (micro-F1)":0.7619760479,"Serbian (macro-F1)":0.7605016416,"Serbian (micro-F1)":0.7737430168,"Bosnian (macro-F1)":0.7341241345,"Bosnian (micro-F1)":0.7526315789}
{"Model":"gpt-5","English (macro-F1)":0.784194889,"English (micro-F1)":0.7819230769,"Croatian (macro-F1)":0.7557027936,"Croatian (micro-F1)":0.7732035928,"Serbian (macro-F1)":0.7682868258,"Serbian (micro-F1)":0.7830540037,"Bosnian (macro-F1)":0.7587454212,"Bosnian (micro-F1)":0.7789473684}
{"Model":"qwen3:32b","English (macro-F1)":0.7439452912,"English (micro-F1)":0.7434615385,"Croatian (macro-F1)":0.7041957699,"Croatian (micro-F1)":0.7282934132,"Serbian (macro-F1)":0.7065580052,"Serbian (micro-F1)":0.7234636872,"Bosnian (macro-F1)":0.6142079572,"Bosnian (micro-F1)":0.6578947368}
{"Model":"llama4:scout","English (macro-F1)":0.7052057035,"English (micro-F1)":0.7023076923,"Croatian (macro-F1)":0.6680832169,"Croatian (micro-F1)":0.6788922156,"Serbian (macro-F1)":0.6506360237,"Serbian (micro-F1)":0.6685288641,"Bosnian (macro-F1)":0.6282272716,"Bosnian (micro-F1)":0.6578947368}
{"Model":"google\/gemini-2.5-flash","English (macro-F1)":0.7675114266,"English (micro-F1)":0.7676923077,"Croatian (macro-F1)":0.760760407,"Croatian (micro-F1)":0.7866766467,"Serbian (macro-F1)":0.7340615628,"Serbian (micro-F1)":0.760707635,"Bosnian (macro-F1)":0.6911787939,"Bosnian (micro-F1)":0.7315789474}
{"Model":"mistralai\/mistral-medium-3.1","English (macro-F1)":0.75935356,"English (micro-F1)":0.7566839777,"Croatian (macro-F1)":0.7339183248,"Croatian (micro-F1)":0.755239521,"Serbian (macro-F1)":0.7043345052,"Serbian (micro-F1)":0.7182114578,"Bosnian (macro-F1)":0.6412158118,"Bosnian (micro-F1)":0.6736842105}
