{"Model":"dummy-stratified","English (macro-F1)":0.3265833492,"English (micro-F1)":0.3461538462,"Croatian (macro-F1)":0.3158926112,"Croatian (micro-F1)":0.3645209581,"Serbian (macro-F1)":0.3267265564,"Serbian (micro-F1)":0.3612662942,"Bosnian (macro-F1)":0.3200313937,"Bosnian (micro-F1)":0.3631578947}
{"Model":"dummy-most_frequent","English (macro-F1)":0.1629371307,"English (micro-F1)":0.3234615385,"Croatian (macro-F1)":0.1969057665,"Croatian (micro-F1)":0.4191616766,"Serbian (macro-F1)":0.2106157113,"Serbian (micro-F1)":0.4618249534,"Bosnian (macro-F1)":0.2158956109,"Bosnian (micro-F1)":0.4789473684}
{"Model":"COMPLEMENTNB","English (macro-F1)":0.2623114547,"English (micro-F1)":0.3276923077,"Croatian (macro-F1)":0.4319037542,"Croatian (micro-F1)":0.4520958084,"Serbian (macro-F1)":0.4415734633,"Serbian (micro-F1)":0.4767225326,"Bosnian (macro-F1)":0.4471652163,"Bosnian (micro-F1)":0.4947368421}
{"Model":"SVC","English (macro-F1)":0.3461498968,"English (micro-F1)":0.3953846154,"Croatian (macro-F1)":0.3450901276,"Croatian (micro-F1)":0.496257485,"Serbian (macro-F1)":0.3697594388,"Serbian (micro-F1)":0.5353817505,"Bosnian (macro-F1)":0.3450187552,"Bosnian (micro-F1)":0.5315789474}
{"Model":"XLM-R-ParlaSent","English (macro-F1)":0.7275634248,"English (micro-F1)":0.7265384615,"Croatian (macro-F1)":0.6981174088,"Croatian (micro-F1)":0.7193113772,"Serbian (macro-F1)":0.7100055038,"Serbian (micro-F1)":0.7318435754,"Bosnian (macro-F1)":0.6966958606,"Bosnian (micro-F1)":0.7210526316}
{"Model":"deepseek-r1:14b","English (macro-F1)":0.6169059794,"English (micro-F1)":0.6173076923,"Croatian (macro-F1)":0.594812532,"Croatian (micro-F1)":0.6130239521,"Serbian (macro-F1)":0.5973492914,"Serbian (micro-F1)":0.6145251397,"Bosnian (macro-F1)":0.5676603766,"Bosnian (micro-F1)":0.5894736842}
{"Model":"llama3.3:latest","English (macro-F1)":0.7486693947,"English (micro-F1)":0.745,"Croatian (macro-F1)":0.7278723723,"Croatian (micro-F1)":0.7425149701,"Serbian (macro-F1)":0.6925137552,"Serbian (micro-F1)":0.7113594041,"Bosnian (macro-F1)":0.673139337,"Bosnian (micro-F1)":0.7105263158}
{"Model":"gemma3:27b","English (macro-F1)":0.7675997828,"English (micro-F1)":0.7661538462,"Croatian (macro-F1)":0.7280316556,"Croatian (micro-F1)":0.7417664671,"Serbian (macro-F1)":0.7068391376,"Serbian (micro-F1)":0.7253258845,"Bosnian (macro-F1)":0.7183838384,"Bosnian (micro-F1)":0.7421052632}
{"Model":"gpt-4o-mini-2024-07-18","English (macro-F1)":0.7784016087,"English (micro-F1)":0.7792307692,"Croatian (macro-F1)":0.7521324513,"Croatian (micro-F1)":0.7821856287,"Serbian (macro-F1)":0.7309018134,"Serbian (micro-F1)":0.7569832402,"Bosnian (macro-F1)":0.7048155978,"Bosnian (micro-F1)":0.7526315789}
{"Model":"gpt-3.5-turbo-0125","English (macro-F1)":0.7739668943,"English (micro-F1)":0.7746153846,"Croatian (macro-F1)":0.7578191563,"Croatian (micro-F1)":0.7866766467,"Serbian (macro-F1)":0.7344657129,"Serbian (micro-F1)":0.7588454376,"Bosnian (macro-F1)":0.7129509714,"Bosnian (micro-F1)":0.7631578947}
{"Model":"gpt-4o-2024-08-06","English (macro-F1)":0.7731813762,"English (micro-F1)":0.7738461538,"Croatian (macro-F1)":0.7457157759,"Croatian (micro-F1)":0.7761976048,"Serbian (macro-F1)":0.7355745423,"Serbian (micro-F1)":0.7625698324,"Bosnian (macro-F1)":0.697113761,"Bosnian (micro-F1)":0.7421052632}
