{"Model":"dummy-most_frequent","Croatian (macro-F1)":0.0056879474,"Croatian (micro-F1)":0.0667433832,"English (macro-F1)":0.0051864175,"English (micro-F1)":0.0605022831,"Serbian (macro-F1)":0.0056574327,"Serbian (micro-F1)":0.0663615561,"Bosnian (macro-F1)":0.0085914086,"Bosnian (micro-F1)":0.104368932}
{"Model":"dummy-stratified","Croatian (macro-F1)":0.0412299027,"Croatian (micro-F1)":0.0563866513,"English (macro-F1)":0.0487593516,"English (micro-F1)":0.0559360731,"Serbian (macro-F1)":0.0459831171,"Serbian (micro-F1)":0.0583524027,"Bosnian (macro-F1)":0.0416111714,"Bosnian (micro-F1)":0.0606796117}
{"Model":"ParlaCAP-classifier","Croatian (macro-F1)":0.6856743459,"Croatian (micro-F1)":0.6766398159,"English (macro-F1)":0.7229632138,"English (micro-F1)":0.7237442922,"Serbian (macro-F1)":0.7068794735,"Serbian (micro-F1)":0.704805492,"Bosnian (macro-F1)":0.6460589751,"Bosnian (micro-F1)":0.645631068}
{"Model":"COMPLEMENTNB","Croatian (macro-F1)":0.0195880089,"Croatian (micro-F1)":0.1047180667,"English (macro-F1)":0.0081194643,"English (micro-F1)":0.0445205479,"Serbian (macro-F1)":0.0129640736,"Serbian (micro-F1)":0.0835240275,"Bosnian (macro-F1)":0.0200870307,"Bosnian (micro-F1)":0.1359223301}
{"Model":"SVC","Croatian (macro-F1)":0.0730543867,"Croatian (micro-F1)":0.1254315305,"English (macro-F1)":0.0348638118,"English (micro-F1)":0.0707762557,"Serbian (macro-F1)":0.0565144162,"Serbian (micro-F1)":0.1247139588,"Bosnian (macro-F1)":0.0497498047,"Bosnian (micro-F1)":0.1371359223}
{"Model":"gemma3:27b","Croatian (macro-F1)":0.5546842733,"Croatian (micro-F1)":0.5506912442,"English (macro-F1)":0.6199967092,"English (micro-F1)":0.6198630137,"Serbian (macro-F1)":0.5704465687,"Serbian (micro-F1)":0.5655409273,"Bosnian (macro-F1)":0.5103113923,"Bosnian (micro-F1)":0.5}
{"Model":"llama4:scout","Croatian (macro-F1)":0.4836522524,"Croatian (micro-F1)":0.4844649022,"English (macro-F1)":0.5131162288,"English (micro-F1)":0.5251141553,"Serbian (macro-F1)":0.4776614805,"Serbian (micro-F1)":0.471395881,"Bosnian (macro-F1)":0.3820055443,"Bosnian (micro-F1)":0.3798543689}
{"Model":"llama3.3:latest","Croatian (macro-F1)":0.5546599188,"Croatian (micro-F1)":0.5650172612,"English (macro-F1)":0.631682614,"English (micro-F1)":0.6404109589,"Serbian (macro-F1)":0.6129052744,"Serbian (micro-F1)":0.6086956522,"Bosnian (macro-F1)":0.5256781706,"Bosnian (micro-F1)":0.5230582524}
{"Model":"qwen3:32b","Croatian (macro-F1)":0.5975587848,"Croatian (micro-F1)":0.581127733,"English (macro-F1)":0.6466629855,"English (micro-F1)":0.649543379,"Serbian (macro-F1)":0.5692075045,"Serbian (micro-F1)":0.5514874142,"Bosnian (macro-F1)":0.4797014506,"Bosnian (micro-F1)":0.4648058252}
{"Model":"deepseek-r1:14b","Croatian (macro-F1)":0.3114163981,"Croatian (micro-F1)":0.2842347526,"English (macro-F1)":0.404498565,"English (micro-F1)":0.3812785388,"Serbian (macro-F1)":0.3027400052,"Serbian (micro-F1)":0.2791762014,"Bosnian (macro-F1)":0.2661747665,"Bosnian (micro-F1)":0.2597087379}
{"Model":"gpt-4o-2024-08-06","Croatian (macro-F1)":0.6714281454,"Croatian (micro-F1)":0.663981588,"English (macro-F1)":0.744534743,"English (micro-F1)":0.7442922374,"Serbian (macro-F1)":0.6910109862,"Serbian (micro-F1)":0.6887871854,"Bosnian (macro-F1)":0.6291958538,"Bosnian (micro-F1)":0.6298543689}
{"Model":"gpt-4o-mini-2024-07-18","Croatian (macro-F1)":0.5895846598,"Croatian (micro-F1)":0.5880322209,"English (macro-F1)":0.6410095723,"English (micro-F1)":0.6415525114,"Serbian (macro-F1)":0.5925278158,"Serbian (micro-F1)":0.5881006865,"Bosnian (macro-F1)":0.5235427672,"Bosnian (micro-F1)":0.5218446602}
{"Model":"gpt-5","Croatian (macro-F1)":0.6910365387,"Croatian (micro-F1)":0.6869965478,"English (macro-F1)":0.7338714523,"English (micro-F1)":0.7317351598,"Serbian (macro-F1)":0.7072848539,"Serbian (micro-F1)":0.7025171625,"Bosnian (macro-F1)":0.6428336253,"Bosnian (micro-F1)":0.6529126214}
{"Model":"gpt-3.5-turbo-0125","Croatian (macro-F1)":0.4871659677,"Croatian (micro-F1)":0.4844649022,"English (macro-F1)":0.5447803659,"English (micro-F1)":0.546803653,"Serbian (macro-F1)":0.5537989794,"Serbian (micro-F1)":0.5411899314,"Bosnian (macro-F1)":0.4892742143,"Bosnian (micro-F1)":0.4878640777}
{"Model":"gpt-5-nano-2025-08-07","Croatian (macro-F1)":0.6051046672,"Croatian (micro-F1)":0.5983889528,"English (macro-F1)":0.6567632008,"English (micro-F1)":0.6643835616,"Serbian (macro-F1)":0.6252173455,"Serbian (micro-F1)":0.6304347826,"Bosnian (macro-F1)":0.5641829059,"Bosnian (micro-F1)":0.5849514563}
{"Model":"gpt-5-mini-2025-08-07","Croatian (macro-F1)":0.6776315452,"Croatian (micro-F1)":0.6720368239,"English (macro-F1)":0.7289633014,"English (micro-F1)":0.7294520548,"Serbian (macro-F1)":0.6837198436,"Serbian (micro-F1)":0.6773455378,"Bosnian (macro-F1)":0.621466215,"Bosnian (micro-F1)":0.6322815534}
{"Model":"google\/gemini-2.5-flash-lite","Croatian (macro-F1)":0.6025530061,"Croatian (micro-F1)":0.5891829689,"English (macro-F1)":0.6786531566,"English (micro-F1)":0.6826484018,"Serbian (macro-F1)":0.6240595422,"Serbian (micro-F1)":0.6167048055,"Bosnian (macro-F1)":0.5187000797,"Bosnian (micro-F1)":0.5266990291}
{"Model":"google\/gemini-2.5-flash","Croatian (macro-F1)":0.661392603,"Croatian (micro-F1)":0.6536248562,"English (macro-F1)":0.7094757832,"English (micro-F1)":0.7123287671,"Serbian (macro-F1)":0.6332974127,"Serbian (micro-F1)":0.6315789474,"Bosnian (macro-F1)":0.5862478831,"Bosnian (micro-F1)":0.5898058252}
{"Model":"mistralai\/mistral-medium-3.1","Croatian (macro-F1)":0.6271852902,"Croatian (micro-F1)":0.6110471807,"English (macro-F1)":0.6664422196,"English (micro-F1)":0.6643835616,"Serbian (macro-F1)":0.5969914144,"Serbian (micro-F1)":0.5778032037,"Bosnian (macro-F1)":0.5144432283,"Bosnian (micro-F1)":0.4878640777}
{"Model":"mistralai\/mistral-small-3.2-24b-instruct","Croatian (macro-F1)":0.5763213783,"Croatian (micro-F1)":0.5684695052,"English (macro-F1)":0.6287213923,"English (micro-F1)":0.6244292237,"Serbian (macro-F1)":0.6013668853,"Serbian (micro-F1)":0.5949656751,"Bosnian (macro-F1)":0.5430821317,"Bosnian (micro-F1)":0.5218446602}
{"Model":"cohere\/command-a","Croatian (macro-F1)":null,"Croatian (micro-F1)":null,"English (macro-F1)":0.66888018,"English (micro-F1)":0.6735159817,"Serbian (macro-F1)":null,"Serbian (micro-F1)":null,"Bosnian (macro-F1)":null,"Bosnian (micro-F1)":null}
